"cod_mun6","municipio_residencia","rras_id","rras_nome","regiao_de_saude","drs"
"351380","DIADEMA",1,"RRAS 1","Grande ABC","Grande São Paulo"
"352940","MAUÁ",1,"RRAS 1","Grande ABC","Grande São Paulo"
"354330","RIBEIRÃO PIRES",1,"RRAS 1","Grande ABC","Grande São Paulo"
"354410","RIO GRANDE DA SERRA",1,"RRAS 1","Grande ABC","Grande São Paulo"
"354780","SANTO ANDRÉ",1,"RRAS 1","Grande ABC","Grande São Paulo"
"354870","SÃO BERNARDO DO CAMPO",1,"RRAS 1","Grande ABC","Grande São Paulo"
"354880","SÃO CAETANO DO SUL",1,"RRAS 1","Grande ABC","Grande São Paulo"
"350010","ADAMANTINA",10,"RRAS 10","Adamantina","Marília"
"351600","FLÓRIDA PAULISTA",10,"RRAS 10","Adamantina","Marília"
"352080","INÚBIA PAULISTA",10,"RRAS 10","Adamantina","Marília"
"352740","LUCÉLIA",10,"RRAS 10","Adamantina","Marília"
"352890","MARIÁPOLIS",10,"RRAS 10","Adamantina","Marília"
"353460","OSVALDO CRUZ",10,"RRAS 10","Adamantina","Marília"
"353490","PACAEMBU",10,"RRAS 10","Adamantina","Marília"
"354085","PRACINHA",10,"RRAS 10","Adamantina","Marília"
"354470","SAGRES",10,"RRAS 10","Adamantina","Marília"
"354510","SALMOURÃO",10,"RRAS 10","Adamantina","Marília"
"350400","ASSIS",10,"RRAS 10","Assis","Marília"
"350720","BORÁ",10,"RRAS 10","Assis","Marília"
"351000","CÂNDIDO MOTA",10,"RRAS 10","Assis","Marília"
"351330","CRUZÁLIA",10,"RRAS 10","Assis","Marília"
"351610","FLORÍNIA",10,"RRAS 10","Assis","Marília"
"352790","LUTÉCIA",10,"RRAS 10","Assis","Marília"
"352880","MARACAÍ",10,"RRAS 10","Assis","Marília"
"353530","PALMITAL",10,"RRAS 10","Assis","Marília"
"353550","PARAGUAÇU PAULISTA",10,"RRAS 10","Assis","Marília"
"353715","PEDRINHAS PAULISTA",10,"RRAS 10","Assis","Marília"
"353970","PLATINA",10,"RRAS 10","Assis","Marília"
"355395","TARUMÃ",10,"RRAS 10","Assis","Marília"
"350140","ÁLVARO DE CARVALHO",10,"RRAS 10","Marília","Marília"
"350150","ALVINLÂNDIA",10,"RRAS 10","Marília","Marília"
"350980","CAMPOS NOVOS PAULISTA",10,"RRAS 10","Marília","Marília"
"351470","ECHAPORÃ",10,"RRAS 10","Marília","Marília"
"351565","FERNÃO",10,"RRAS 10","Marília","Marília"
"351660","GÁLIA",10,"RRAS 10","Marília","Marília"
"351670","GARÇA",10,"RRAS 10","Marília","Marília"
"351730","GUAIMBÊ",10,"RRAS 10","Marília","Marília"
"351810","GUARANTÃ",10,"RRAS 10","Marília","Marília"
"352580","JÚLIO MESQUITA",10,"RRAS 10","Marília","Marília"
"352780","LUPÉRCIO",10,"RRAS 10","Marília","Marília"
"352900","MARÍLIA",10,"RRAS 10","Marília","Marília"
"353370","OCAUÇU",10,"RRAS 10","Marília","Marília"
"353410","ORIENTE",10,"RRAS 10","Marília","Marília"
"353450","OSCAR BRESSANE",10,"RRAS 10","Marília","Marília"
"354000","POMPÉIA",10,"RRAS 10","Marília","Marília"
"354200","QUINTANA",10,"RRAS 10","Marília","Marília"
"355550","UBIRAJARA",10,"RRAS 10","Marília","Marília"
"355660","VERA CRUZ",10,"RRAS 10","Marília","Marília"
"350630","BERNARDINO DE CAMPOS",10,"RRAS 10","Ourinhos","Marília"
"351015","CANITAR",10,"RRAS 10","Ourinhos","Marília"
"355720","CHAVANTES",10,"RRAS 10","Ourinhos","Marília"
"351519","ESPÍRITO SANTO DO TURVO",10,"RRAS 10","Ourinhos","Marília"
"351950","IBIRAREMA",10,"RRAS 10","Ourinhos","Marília"
"352090","IPAUSSU",10,"RRAS 10","Ourinhos","Marília"
"353380","ÓLEO",10,"RRAS 10","Ourinhos","Marília"
"353470","OURINHOS",10,"RRAS 10","Ourinhos","Marília"
"354320","RIBEIRÃO DO SUL",10,"RRAS 10","Ourinhos","Marília"
"354540","SALTO GRANDE",10,"RRAS 10","Ourinhos","Marília"
"354640","SANTA CRUZ DO RIO PARDO",10,"RRAS 10","Ourinhos","Marília"
"355050","SÃO PEDRO DO TURVO",10,"RRAS 10","Ourinhos","Marília"
"355460","TIMBURI",10,"RRAS 10","Ourinhos","Marília"
"350335","ARCO-ÍRIS",10,"RRAS 10","Tupã","Marília"
"350580","BASTOS",10,"RRAS 10","Tupã","Marília"
"351900","HERCULÂNDIA",10,"RRAS 10","Tupã","Marília"
"351920","IACRI",10,"RRAS 10","Tupã","Marília"
"353600","PARAPUÃ",10,"RRAS 10","Tupã","Marília"
"354180","QUEIROZ",10,"RRAS 10","Tupã","Marília"
"354380","RINÓPOLIS",10,"RRAS 10","Tupã","Marília"
"355500","TUPÃ",10,"RRAS 10","Tupã","Marília"
"351440","DRACENA",11,"RRAS 11","Alta Paulista","Presidente Prudente"
"351580","FLORA RICA",11,"RRAS 11","Alta Paulista","Presidente Prudente"
"352160","IRAPURU",11,"RRAS 11","Alta Paulista","Presidente Prudente"
"352600","JUNQUEIRÓPOLIS",11,"RRAS 11","Alta Paulista","Presidente Prudente"
"353160","MONTE CASTELO",11,"RRAS 11","Alta Paulista","Presidente Prudente"
"353310","NOVA GUATAPORANGA",11,"RRAS 11","Alta Paulista","Presidente Prudente"
"353480","OURO VERDE",11,"RRAS 11","Alta Paulista","Presidente Prudente"
"353540","PANORAMA",11,"RRAS 11","Alta Paulista","Presidente Prudente"
"353640","PAULICÉIA",11,"RRAS 11","Alta Paulista","Presidente Prudente"
"354710","SANTA MERCEDES",11,"RRAS 11","Alta Paulista","Presidente Prudente"
"354930","SÃO JOÃO DO PAU D'ALHO",11,"RRAS 11","Alta Paulista","Presidente Prudente"
"355510","TUPI PAULISTA",11,"RRAS 11","Alta Paulista","Presidente Prudente"
"350080","ALFREDO MARCONDES",11,"RRAS 11","Alta Sorocabana","Presidente Prudente"
"350130","ÁLVARES MACHADO",11,"RRAS 11","Alta Sorocabana","Presidente Prudente"
"350240","ANHUMAS",11,"RRAS 11","Alta Sorocabana","Presidente Prudente"
"350890","CAIABU",11,"RRAS 11","Alta Sorocabana","Presidente Prudente"
"351512","EMILIANÓPOLIS",11,"RRAS 11","Alta Sorocabana","Presidente Prudente"
"351530","ESTRELA DO NORTE",11,"RRAS 11","Alta Sorocabana","Presidente Prudente"
"352060","INDIANA",11,"RRAS 11","Alta Sorocabana","Presidente Prudente"
"352920","MARTINÓPOLIS",11,"RRAS 11","Alta Sorocabana","Presidente Prudente"
"353220","NARANDIBA",11,"RRAS 11","Alta Sorocabana","Presidente Prudente"
"353920","PIRAPOZINHO",11,"RRAS 11","Alta Sorocabana","Presidente Prudente"
"354120","PRESIDENTE BERNARDES",11,"RRAS 11","Alta Sorocabana","Presidente Prudente"
"354140","PRESIDENTE PRUDENTE",11,"RRAS 11","Alta Sorocabana","Presidente Prudente"
"354240","REGENTE FEIJÓ",11,"RRAS 11","Alta Sorocabana","Presidente Prudente"
"354323","RIBEIRÃO DOS ÍNDIOS",11,"RRAS 11","Alta Sorocabana","Presidente Prudente"
"354550","SANDOVALINA",11,"RRAS 11","Alta Sorocabana","Presidente Prudente"
"354770","SANTO ANASTÁCIO",11,"RRAS 11","Alta Sorocabana","Presidente Prudente"
"354830","SANTO EXPEDITO",11,"RRAS 11","Alta Sorocabana","Presidente Prudente"
"355290","TACIBA",11,"RRAS 11","Alta Sorocabana","Presidente Prudente"
"355390","TARABAI",11,"RRAS 11","Alta Sorocabana","Presidente Prudente"
"351990","IEPÊ",11,"RRAS 11","Alto Capivari","Presidente Prudente"
"352560","JOÃO RAMALHO",11,"RRAS 11","Alto Capivari","Presidente Prudente"
"353215","NANTES",11,"RRAS 11","Alto Capivari","Presidente Prudente"
"354170","QUATÁ",11,"RRAS 11","Alto Capivari","Presidente Prudente"
"354220","RANCHARIA",11,"RRAS 11","Alto Capivari","Presidente Prudente"
"350910","CAIUÁ",11,"RRAS 11","Extrem Oeste Paulista","Presidente Prudente"
"352870","MARABÁ PAULISTA",11,"RRAS 11","Extrem Oeste Paulista","Presidente Prudente"
"353830","PIQUEROBI",11,"RRAS 11","Extrem Oeste Paulista","Presidente Prudente"
"354130","PRESIDENTE EPITÁCIO",11,"RRAS 11","Extrem Oeste Paulista","Presidente Prudente"
"354150","PRESIDENTE VENCESLAU",11,"RRAS 11","Extrem Oeste Paulista","Presidente Prudente"
"351535","EUCLIDES DA CUNHA PAULISTA",11,"RRAS 11","Pontal do Paranapanema","Presidente Prudente"
"353020","MIRANTE DO PARANAPANEMA",11,"RRAS 11","Pontal do Paranapanema","Presidente Prudente"
"354425","ROSANA",11,"RRAS 11","Pontal do Paranapanema","Presidente Prudente"
"355430","TEODORO SAMPAIO",11,"RRAS 11","Pontal do Paranapanema","Presidente Prudente"
"350370","ARIRANHA",12,"RRAS 12","Catanduva","São José do Rio Preto"
"351110","CATANDUVA",12,"RRAS 12","Catanduva","São José do Rio Preto"
"351120","CATIGUÁ",12,"RRAS 12","Catanduva","São José do Rio Preto"
"351492","ELISIÁRIO",12,"RRAS 12","Catanduva","São José do Rio Preto"
"351495","EMBAÚBA",12,"RRAS 12","Catanduva","São José do Rio Preto"
"351560","FERNANDO PRESTES",12,"RRAS 12","Catanduva","São José do Rio Preto"
"352150","IRAPUÃ",12,"RRAS 12","Catanduva","São José do Rio Preto"
"352190","ITAJOBI",12,"RRAS 12","Catanduva","São José do Rio Preto"
"352885","MARAPOAMA",12,"RRAS 12","Catanduva","São José do Rio Preto"
"353325","NOVAIS",12,"RRAS 12","Catanduva","São José do Rio Preto"
"353350","NOVO HORIZONTE",12,"RRAS 12","Catanduva","São José do Rio Preto"
"353510","PALMARES PAULISTA",12,"RRAS 12","Catanduva","São José do Rio Preto"
"353570","PARAÍSO",12,"RRAS 12","Catanduva","São José do Rio Preto"
"353810","PINDORAMA",12,"RRAS 12","Catanduva","São José do Rio Preto"
"353900","PIRANGI",12,"RRAS 12","Catanduva","São José do Rio Preto"
"354480","SALES",12,"RRAS 12","Catanduva","São José do Rio Preto"
"354560","SANTA ADÉLIA",12,"RRAS 12","Catanduva","São José do Rio Preto"
"355260","TABAPUÃ",12,"RRAS 12","Catanduva","São José do Rio Preto"
"355600","URUPÊS",12,"RRAS 12","Catanduva","São José do Rio Preto"
"350280","ARAÇATUBA",12,"RRAS 12","Central do DRS II","Araçatuba"
"350420","AURIFLAMA",12,"RRAS 12","Central do DRS II","Araçatuba"
"350620","BENTO DE ABREU",12,"RRAS 12","Central do DRS II","Araçatuba"
"350640","BILAC",12,"RRAS 12","Central do DRS II","Araçatuba"
"351820","GUARARAPES",12,"RRAS 12","Central do DRS II","Araçatuba"
"351890","GUZOLÂNDIA",12,"RRAS 12","Central do DRS II","Araçatuba"
"353286","NOVA CASTILHO",12,"RRAS 12","Central do DRS II","Araçatuba"
"353330","NOVA LUZITÂNIA",12,"RRAS 12","Central do DRS II","Araçatuba"
"354440","RUBIÁCEA",12,"RRAS 12","Central do DRS II","Araçatuba"
"354805","SANTO ANTÔNIO DO ARACANGUÁ",12,"RRAS 12","Central do DRS II","Araçatuba"
"355630","VALPARAÍSO",12,"RRAS 12","Central do DRS II","Araçatuba"
"350110","ALTO ALEGRE",12,"RRAS 12","Consórcio do DRS II","Araçatuba"
"350440","AVANHANDAVA",12,"RRAS 12","Consórcio do DRS II","Araçatuba"
"350510","BARBOSA",12,"RRAS 12","Consórcio do DRS II","Araçatuba"
"350650","BIRIGUI",12,"RRAS 12","Consórcio do DRS II","Araçatuba"
"350770","BRAÚNA",12,"RRAS 12","Consórcio do DRS II","Araçatuba"
"350775","BREJO ALEGRE",12,"RRAS 12","Consórcio do DRS II","Araçatuba"
"350810","BURITAMA",12,"RRAS 12","Consórcio do DRS II","Araçatuba"
"351190","CLEMENTINA",12,"RRAS 12","Consórcio do DRS II","Araçatuba"
"351250","COROADOS",12,"RRAS 12","Consórcio do DRS II","Araçatuba"
"351650","GABRIEL MONTEIRO",12,"RRAS 12","Consórcio do DRS II","Araçatuba"
"351710","GLICÉRIO",12,"RRAS 12","Consórcio do DRS II","Araçatuba"
"352725","LOURDES",12,"RRAS 12","Consórcio do DRS II","Araçatuba"
"352770","LUIZIÂNIA",12,"RRAS 12","Consórcio do DRS II","Araçatuba"
"353730","PENÁPOLIS",12,"RRAS 12","Consórcio do DRS II","Araçatuba"
"353770","PIACATU",12,"RRAS 12","Consórcio do DRS II","Araçatuba"
"354840","SANTÓPOLIS DO AGUAPEÍ",12,"RRAS 12","Consórcio do DRS II","Araçatuba"
"355520","TURIÚBA",12,"RRAS 12","Consórcio do DRS II","Araçatuba"
"351520","ESTRELA D'OESTE",12,"RRAS 12","Fernandópolis","São José do Rio Preto"
"351550","FERNANDÓPOLIS",12,"RRAS 12","Fernandópolis","São José do Rio Preto"
"351800","GUARANI D'OESTE",12,"RRAS 12","Fernandópolis","São José do Rio Preto"
"352070","INDIAPORÃ",12,"RRAS 12","Fernandópolis","São José do Rio Preto"
"352820","MACEDÔNIA",12,"RRAS 12","Fernandópolis","São José do Rio Preto"
"352960","MERIDIANO",12,"RRAS 12","Fernandópolis","São José do Rio Preto"
"353000","MIRA ESTRELA",12,"RRAS 12","Fernandópolis","São José do Rio Preto"
"353475","OUROESTE",12,"RRAS 12","Fernandópolis","São José do Rio Preto"
"353690","PEDRANÓPOLIS",12,"RRAS 12","Fernandópolis","São José do Rio Preto"
"354040","POPULINA",12,"RRAS 12","Fernandópolis","São José do Rio Preto"
"354920","SÃO JOÃO DAS DUAS PONTES",12,"RRAS 12","Fernandópolis","São José do Rio Preto"
"354925","SÃO JOÃO DE IRACEMA",12,"RRAS 12","Fernandópolis","São José do Rio Preto"
"355530","TURMALINA",12,"RRAS 12","Fernandópolis","São José do Rio Preto"
"350260","APARECIDA D'OESTE",12,"RRAS 12","Jales","São José do Rio Preto"
"350395","ASPÁSIA",12,"RRAS 12","Jales","São José do Rio Preto"
"351385","DIRCE REIS",12,"RRAS 12","Jales","São José do Rio Preto"
"351420","DOLCINÓPOLIS",12,"RRAS 12","Jales","São José do Rio Preto"
"352480","JALES",12,"RRAS 12","Jales","São José do Rio Preto"
"352910","MARINÓPOLIS",12,"RRAS 12","Jales","São José do Rio Preto"
"352965","MESÓPOLIS",12,"RRAS 12","Jales","São José do Rio Preto"
"353520","PALMEIRA D'OESTE",12,"RRAS 12","Jales","São José do Rio Preto"
"353590","PARANAPUÃ",12,"RRAS 12","Jales","São José do Rio Preto"
"354025","PONTALINDA",12,"RRAS 12","Jales","São José do Rio Preto"
"354570","SANTA ALBERTINA",12,"RRAS 12","Jales","São José do Rio Preto"
"354765","SANTA SALETE",12,"RRAS 12","Jales","São José do Rio Preto"
"354720","SANTANA DA PONTE PENSA",12,"RRAS 12","Jales","São José do Rio Preto"
"354900","SÃO FRANCISCO",12,"RRAS 12","Jales","São José do Rio Preto"
"355580","URÂNIA",12,"RRAS 12","Jales","São José do Rio Preto"
"355695","VITÓRIA BRASIL",12,"RRAS 12","Jales","São José do Rio Preto"
"350020","ADOLFO",12,"RRAS 12","José Bonifácio","São José do Rio Preto"
"352450","JACI",12,"RRAS 12","José Bonifácio","São José do Rio Preto"
"352570","JOSÉ BONIFÁCIO",12,"RRAS 12","José Bonifácio","São José do Rio Preto"
"352950","MENDONÇA",12,"RRAS 12","José Bonifácio","São José do Rio Preto"
"353140","MONTE APRAZÍVEL",12,"RRAS 12","José Bonifácio","São José do Rio Preto"
"353270","NIPOÃ",12,"RRAS 12","José Bonifácio","São José do Rio Preto"
"353960","PLANALTO",12,"RRAS 12","José Bonifácio","São José do Rio Preto"
"353990","POLONI",12,"RRAS 12","José Bonifácio","São José do Rio Preto"
"355535","UBARANA",12,"RRAS 12","José Bonifácio","São José do Rio Preto"
"355570","UNIÃO PAULISTA",12,"RRAS 12","José Bonifácio","São José do Rio Preto"
"355715","ZACARIAS",12,"RRAS 12","José Bonifácio","São José do Rio Preto"
"350210","ANDRADINA",12,"RRAS 12","Lagos do DRS II","Araçatuba"
"351100","CASTILHO",12,"RRAS 12","Lagos do DRS II","Araçatuba"
"351780","GUARAÇAÍ",12,"RRAS 12","Lagos do DRS II","Araçatuba"
"352044","ILHA SOLTEIRA",12,"RRAS 12","Lagos do DRS II","Araçatuba"
"352300","ITAPURA",12,"RRAS 12","Lagos do DRS II","Araçatuba"
"352650","LAVÍNIA",12,"RRAS 12","Lagos do DRS II","Araçatuba"
"353010","MIRANDÓPOLIS",12,"RRAS 12","Lagos do DRS II","Araçatuba"
"353210","MURUTINGA DO SUL",12,"RRAS 12","Lagos do DRS II","Araçatuba"
"353320","NOVA INDEPENDÊNCIA",12,"RRAS 12","Lagos do DRS II","Araçatuba"
"353740","PEREIRA BARRETO",12,"RRAS 12","Lagos do DRS II","Araçatuba"
"355230","SUD MENNUCCI",12,"RRAS 12","Lagos do DRS II","Araçatuba"
"355255","SUZANÁPOLIS",12,"RRAS 12","Lagos do DRS II","Araçatuba"
"353284","NOVA CANAÃ PAULISTA",12,"RRAS 12","Santa Fé do Sul","São José do Rio Preto"
"354450","RUBINÉIA",12,"RRAS 12","Santa Fé do Sul","São José do Rio Preto"
"354610","SANTA CLARA D'OESTE",12,"RRAS 12","Santa Fé do Sul","São José do Rio Preto"
"354660","SANTA FÉ DO SUL",12,"RRAS 12","Santa Fé do Sul","São José do Rio Preto"
"354740","SANTA RITA D'OESTE",12,"RRAS 12","Santa Fé do Sul","São José do Rio Preto"
"355490","TRÊS FRONTEIRAS",12,"RRAS 12","Santa Fé do Sul","São José do Rio Preto"
"350460","BADY BASSITT",12,"RRAS 12","São José do Rio Preto","São José do Rio Preto"
"350480","BÁLSAMO",12,"RRAS 12","São José do Rio Preto","São José do Rio Preto"
"351130","CEDRAL",12,"RRAS 12","São José do Rio Preto","São José do Rio Preto"
"351750","GUAPIAÇU",12,"RRAS 12","São José do Rio Preto","São José do Rio Preto"
"351940","IBIRÁ",12,"RRAS 12","São José do Rio Preto","São José do Rio Preto"
"351980","ICÉM",12,"RRAS 12","São José do Rio Preto","São José do Rio Preto"
"352115","IPIGUÁ",12,"RRAS 12","São José do Rio Preto","São José do Rio Preto"
"353030","MIRASSOL",12,"RRAS 12","São José do Rio Preto","São José do Rio Preto"
"353040","MIRASSOLÂNDIA",12,"RRAS 12","São José do Rio Preto","São José do Rio Preto"
"353250","NEVES PAULISTA",12,"RRAS 12","São José do Rio Preto","São José do Rio Preto"
"353280","NOVA ALIANÇA",12,"RRAS 12","São José do Rio Preto","São José do Rio Preto"
"353300","NOVA GRANADA",12,"RRAS 12","São José do Rio Preto","São José do Rio Preto"
"353400","ONDA VERDE",12,"RRAS 12","São José do Rio Preto","São José do Rio Preto"
"353420","ORINDIÚVA",12,"RRAS 12","São José do Rio Preto","São José do Rio Preto"
"353500","PALESTINA",12,"RRAS 12","São José do Rio Preto","São José do Rio Preto"
"353660","PAULO DE FARIA",12,"RRAS 12","São José do Rio Preto","São José do Rio Preto"
"354080","POTIRENDABA",12,"RRAS 12","São José do Rio Preto","São José do Rio Preto"
"354980","SÃO JOSÉ DO RIO PRETO",12,"RRAS 12","São José do Rio Preto","São José do Rio Preto"
"355340","TANABI",12,"RRAS 12","São José do Rio Preto","São José do Rio Preto"
"355560","UCHOA",12,"RRAS 12","São José do Rio Preto","São José do Rio Preto"
"350120","ÁLVARES FLORENCE",12,"RRAS 12","Votuporanga","São José do Rio Preto"
"350180","AMÉRICO DE CAMPOS",12,"RRAS 12","Votuporanga","São José do Rio Preto"
"351070","CARDOSO",12,"RRAS 12","Votuporanga","São José do Rio Preto"
"351290","COSMORAMA",12,"RRAS 12","Votuporanga","São José do Rio Preto"
"351590","FLOREAL",12,"RRAS 12","Votuporanga","São José do Rio Preto"
"351680","GASTÃO VIDIGAL",12,"RRAS 12","Votuporanga","São José do Rio Preto"
"351690","GENERAL SALGADO",12,"RRAS 12","Votuporanga","São José do Rio Preto"
"352810","MACAUBAL",12,"RRAS 12","Votuporanga","São José do Rio Preto"
"352830","MAGDA",12,"RRAS 12","Votuporanga","São José do Rio Preto"
"353100","MONÇÕES",12,"RRAS 12","Votuporanga","São José do Rio Preto"
"353260","NHANDEARA",12,"RRAS 12","Votuporanga","São José do Rio Preto"
"353625","PARISI",12,"RRAS 12","Votuporanga","São José do Rio Preto"
"354030","PONTES GESTAL",12,"RRAS 12","Votuporanga","São José do Rio Preto"
"354420","RIOLÂNDIA",12,"RRAS 12","Votuporanga","São José do Rio Preto"
"355130","SEBASTIANÓPOLIS DO SUL",12,"RRAS 12","Votuporanga","São José do Rio Preto"
"355610","VALENTIM GENTIL",12,"RRAS 12","Votuporanga","São José do Rio Preto"
"355710","VOTUPORANGA",12,"RRAS 12","Votuporanga","São José do Rio Preto"
"352130","IPUÃ",13,"RRAS 13","Alta Anhanguera","Franca"
"353190","MORRO AGUDO",13,"RRAS 13","Alta Anhanguera","Franca"
"353360","NUPORANGA",13,"RRAS 13","Alta Anhanguera","Franca"
"353430","ORLÂNDIA",13,"RRAS 13","Alta Anhanguera","Franca"
"354490","SALES OLIVEIRA",13,"RRAS 13","Alta Anhanguera","Franca"
"354940","SÃO JOAQUIM DA BARRA",13,"RRAS 13","Alta Anhanguera","Franca"
"350300","ARAMINA",13,"RRAS 13","Alta Mogiana","Franca"
"350820","BURITIZAL",13,"RRAS 13","Alta Mogiana","Franca"
"351770","GUARÁ",13,"RRAS 13","Alta Mogiana","Franca"
"352010","IGARAPAVA",13,"RRAS 13","Alta Mogiana","Franca"
"352410","ITUVERAVA",13,"RRAS 13","Alta Mogiana","Franca"
"352970","MIGUELÓPOLIS",13,"RRAS 13","Alta Mogiana","Franca"
"351310","CRAVINHOS",13,"RRAS 13","Aquífero Guarani","Ribeirão Preto"
"351885","GUATAPARÁ",13,"RRAS 13","Aquífero Guarani","Ribeirão Preto"
"352510","JARDINÓPOLIS",13,"RRAS 13","Aquífero Guarani","Ribeirão Preto"
"352760","LUÍS ANTÔNIO",13,"RRAS 13","Aquífero Guarani","Ribeirão Preto"
"354340","RIBEIRÃO PRETO",13,"RRAS 13","Aquífero Guarani","Ribeirão Preto"
"354750","SANTA RITA DO PASSA QUATRO",13,"RRAS 13","Aquífero Guarani","Ribeirão Preto"
"354760","SANTA ROSA DE VITERBO",13,"RRAS 13","Aquífero Guarani","Ribeirão Preto"
"355090","SÃO SIMÃO",13,"RRAS 13","Aquífero Guarani","Ribeirão Preto"
"355140","SERRA AZUL",13,"RRAS 13","Aquífero Guarani","Ribeirão Preto"
"355150","SERRANA",13,"RRAS 13","Aquífero Guarani","Ribeirão Preto"
"350560","BARRINHA",13,"RRAS 13","Horizonte Verde","Ribeirão Preto"
"351460","DUMONT",13,"RRAS 13","Horizonte Verde","Ribeirão Preto"
"351860","GUARIBA",13,"RRAS 13","Horizonte Verde","Ribeirão Preto"
"352430","JABOTICABAL",13,"RRAS 13","Horizonte Verde","Ribeirão Preto"
"353130","MONTE ALTO",13,"RRAS 13","Horizonte Verde","Ribeirão Preto"
"353950","PITANGUEIRAS",13,"RRAS 13","Horizonte Verde","Ribeirão Preto"
"354020","PONTAL",13,"RRAS 13","Horizonte Verde","Ribeirão Preto"
"354090","PRADÓPOLIS",13,"RRAS 13","Horizonte Verde","Ribeirão Preto"
"355170","SERTÃOZINHO",13,"RRAS 13","Horizonte Verde","Ribeirão Preto"
"350090","ALTAIR",13,"RRAS 13","Norte - Barretos","Barretos"
"350550","BARRETOS",13,"RRAS 13","Norte - Barretos","Barretos"
"350930","CAJOBI",13,"RRAS 13","Norte - Barretos","Barretos"
"351200","COLINA",13,"RRAS 13","Norte - Barretos","Barretos"
"351210","COLÔMBIA",13,"RRAS 13","Norte - Barretos","Barretos"
"351740","GUAÍRA",13,"RRAS 13","Norte - Barretos","Barretos"
"351790","GUARACI",13,"RRAS 13","Norte - Barretos","Barretos"
"352420","JABORANDI",13,"RRAS 13","Norte - Barretos","Barretos"
"353390","OLÍMPIA",13,"RRAS 13","Norte - Barretos","Barretos"
"355190","SEVERÍNIA",13,"RRAS 13","Norte - Barretos","Barretos"
"350610","BEBEDOURO",13,"RRAS 13","Sul - Barretos","Barretos"
"353150","MONTE AZUL PAULISTA",13,"RRAS 13","Sul - Barretos","Barretos"
"355310","TAIAÇU",13,"RRAS 13","Sul - Barretos","Barretos"
"355320","TAIÚVA",13,"RRAS 13","Sul - Barretos","Barretos"
"355365","TAQUARAL",13,"RRAS 13","Sul - Barretos","Barretos"
"355440","TERRA ROXA",13,"RRAS 13","Sul - Barretos","Barretos"
"355680","VIRADOURO",13,"RRAS 13","Sul - Barretos","Barretos"
"355690","VISTA ALEGRE DO ALTO",13,"RRAS 13","Sul - Barretos","Barretos"
"351320","CRISTAIS PAULISTA",13,"RRAS 13","Três Colinas","Franca"
"351620","FRANCA",13,"RRAS 13","Três Colinas","Franca"
"352370","ITIRAPUÃ",13,"RRAS 13","Três Colinas","Franca"
"352540","JERIQUARA",13,"RRAS 13","Três Colinas","Franca"
"353630","PATROCÍNIO PAULISTA",13,"RRAS 13","Três Colinas","Franca"
"353700","PEDREGULHO",13,"RRAS 13","Três Colinas","Franca"
"354270","RESTINGA",13,"RRAS 13","Três Colinas","Franca"
"354310","RIBEIRÃO CORRENTE",13,"RRAS 13","Três Colinas","Franca"
"354360","RIFAINA",13,"RRAS 13","Três Colinas","Franca"
"354950","SÃO JOSÉ DA BELA VISTA",13,"RRAS 13","Três Colinas","Franca"
"350100","ALTINÓPOLIS",13,"RRAS 13","Vale das Cachoeiras","Ribeirão Preto"
"350590","BATATAIS",13,"RRAS 13","Vale das Cachoeiras","Ribeirão Preto"
"350780","BRODOWSKI",13,"RRAS 13","Vale das Cachoeiras","Ribeirão Preto"
"350940","CAJURU",13,"RRAS 13","Vale das Cachoeiras","Ribeirão Preto"
"351090","CÁSSIA DOS COQUEIROS",13,"RRAS 13","Vale das Cachoeiras","Ribeirão Preto"
"354625","SANTA CRUZ DA ESPERANÇA",13,"RRAS 13","Vale das Cachoeiras","Ribeirão Preto"
"354790","SANTO ANTÔNIO DA ALEGRIA",13,"RRAS 13","Vale das Cachoeiras","Ribeirão Preto"
"350330","ARARAS",14,"RRAS 14","Araras","Piracicaba"
"351220","CONCHAL",14,"RRAS 14","Araras","Piracicaba"
"352670","LEME",14,"RRAS 14","Araras","Piracicaba"
"353930","PIRASSUNUNGA",14,"RRAS 14","Araras","Piracicaba"
"354620","SANTA CRUZ DA CONCEIÇÃO",14,"RRAS 14","Araras","Piracicaba"
"351240","CORDEIRÓPOLIS",14,"RRAS 14","Limeira","Piracicaba"
"351515","ENGENHEIRO COELHO",14,"RRAS 14","Limeira","Piracicaba"
"352140","IRACEMÁPOLIS",14,"RRAS 14","Limeira","Piracicaba"
"352690","LIMEIRA",14,"RRAS 14","Limeira","Piracicaba"
"350060","ÁGUAS DE SÃO PEDRO",14,"RRAS 14","Piracicaba","Piracicaba"
"351040","CAPIVARI",14,"RRAS 14","Piracicaba","Piracicaba"
"351170","CHARQUEADA",14,"RRAS 14","Piracicaba","Piracicaba"
"351490","ELIAS FAUSTO",14,"RRAS 14","Piracicaba","Piracicaba"
"353090","MOMBUCA",14,"RRAS 14","Piracicaba","Piracicaba"
"353870","PIRACICABA",14,"RRAS 14","Piracicaba","Piracicaba"
"354210","RAFARD",14,"RRAS 14","Piracicaba","Piracicaba"
"354400","RIO DAS PEDRAS",14,"RRAS 14","Piracicaba","Piracicaba"
"354515","SALTINHO",14,"RRAS 14","Piracicaba","Piracicaba"
"354700","SANTA MARIA DA SERRA",14,"RRAS 14","Piracicaba","Piracicaba"
"355040","SÃO PEDRO",14,"RRAS 14","Piracicaba","Piracicaba"
"350200","ANALÂNDIA",14,"RRAS 14","Rio Claro","Piracicaba"
"351270","CORUMBATAÍ",14,"RRAS 14","Rio Claro","Piracicaba"
"352110","IPEÚNA",14,"RRAS 14","Rio Claro","Piracicaba"
"352360","ITIRAPINA",14,"RRAS 14","Rio Claro","Piracicaba"
"354390","RIO CLARO",14,"RRAS 14","Rio Claro","Piracicaba"
"354670","SANTA GERTRUDES",14,"RRAS 14","Rio Claro","Piracicaba"
"355730","ESTIVA GERBI",15,"RRAS 15","Baixa Mogiana","São João da Boa Vista"
"352260","ITAPIRA",15,"RRAS 15","Baixa Mogiana","São João da Boa Vista"
"353070","MOGI GUAÇU",15,"RRAS 15","Baixa Mogiana","São João da Boa Vista"
"353080","MOGI MIRIM",15,"RRAS 15","Baixa Mogiana","São João da Boa Vista"
"350050","ÁGUAS DE LINDÓIA",15,"RRAS 15","Circuito das Águas","Campinas"
"350190","AMPARO",15,"RRAS 15","Circuito das Águas","Campinas"
"352700","LINDÓIA",15,"RRAS 15","Circuito das Águas","Campinas"
"353120","MONTE ALEGRE DO SUL",15,"RRAS 15","Circuito das Águas","Campinas"
"355160","SERRA NEGRA",15,"RRAS 15","Circuito das Águas","Campinas"
"350030","AGUAÍ",15,"RRAS 15","Mantiqueira","São João da Boa Vista"
"350040","ÁGUAS DA PRATA",15,"RRAS 15","Mantiqueira","São João da Boa Vista"
"351518","ESPÍRITO SANTO DO PINHAL",15,"RRAS 15","Mantiqueira","São João da Boa Vista"
"354630","SANTA CRUZ DAS PALMEIRAS",15,"RRAS 15","Mantiqueira","São João da Boa Vista"
"354810","SANTO ANTÔNIO DO JARDIM",15,"RRAS 15","Mantiqueira","São João da Boa Vista"
"354910","SÃO JOÃO DA BOA VISTA",15,"RRAS 15","Mantiqueira","São João da Boa Vista"
"355330","TAMBAÚ",15,"RRAS 15","Mantiqueira","São João da Boa Vista"
"355640","VARGEM GRANDE DO SUL",15,"RRAS 15","Mantiqueira","São João da Boa Vista"
"350160","AMERICANA",15,"RRAS 15","Reg. Metrop. Campinas","Campinas"
"350380","ARTUR NOGUEIRA",15,"RRAS 15","Reg. Metrop. Campinas","Campinas"
"350950","CAMPINAS",15,"RRAS 15","Reg. Metrop. Campinas","Campinas"
"351280","COSMÓPOLIS",15,"RRAS 15","Reg. Metrop. Campinas","Campinas"
"351905","HOLAMBRA",15,"RRAS 15","Reg. Metrop. Campinas","Campinas"
"351907","HORTOLÂNDIA",15,"RRAS 15","Reg. Metrop. Campinas","Campinas"
"352050","INDAIATUBA",15,"RRAS 15","Reg. Metrop. Campinas","Campinas"
"352340","ITATIBA",15,"RRAS 15","Reg. Metrop. Campinas","Campinas"
"352470","JAGUARIÚNA",15,"RRAS 15","Reg. Metrop. Campinas","Campinas"
"353180","MONTE MOR",15,"RRAS 15","Reg. Metrop. Campinas","Campinas"
"353200","MORUNGABA",15,"RRAS 15","Reg. Metrop. Campinas","Campinas"
"353340","NOVA ODESSA",15,"RRAS 15","Reg. Metrop. Campinas","Campinas"
"353650","PAULÍNIA",15,"RRAS 15","Reg. Metrop. Campinas","Campinas"
"353710","PEDREIRA",15,"RRAS 15","Reg. Metrop. Campinas","Campinas"
"354580","SANTA BÁRBARA D'OESTE",15,"RRAS 15","Reg. Metrop. Campinas","Campinas"
"354800","SANTO ANTÔNIO DE POSSE",15,"RRAS 15","Reg. Metrop. Campinas","Campinas"
"355240","SUMARÉ",15,"RRAS 15","Reg. Metrop. Campinas","Campinas"
"355620","VALINHOS",15,"RRAS 15","Reg. Metrop. Campinas","Campinas"
"355670","VINHEDO",15,"RRAS 15","Reg. Metrop. Campinas","Campinas"
"350870","CACONDE",15,"RRAS 15","Rio Pardo","São João da Boa Vista"
"351080","CASA BRANCA",15,"RRAS 15","Rio Pardo","São João da Boa Vista"
"351390","DIVINOLÂNDIA",15,"RRAS 15","Rio Pardo","São João da Boa Vista"
"352380","ITOBI",15,"RRAS 15","Rio Pardo","São João da Boa Vista"
"353050","MOCOCA",15,"RRAS 15","Rio Pardo","São João da Boa Vista"
"354970","SÃO JOSÉ DO RIO PARDO",15,"RRAS 15","Rio Pardo","São João da Boa Vista"
"355080","SÃO SEBASTIÃO DA GRAMA",15,"RRAS 15","Rio Pardo","São João da Boa Vista"
"355360","TAPIRATIBA",15,"RRAS 15","Rio Pardo","São João da Boa Vista"
"350410","ATIBAIA",16,"RRAS 16","Bragança","Campinas"
"350710","BOM JESUS DOS PERDÕES",16,"RRAS 16","Bragança","Campinas"
"350760","BRAGANÇA PAULISTA",16,"RRAS 16","Bragança","Campinas"
"352550","JOANÓPOLIS",16,"RRAS 16","Bragança","Campinas"
"353240","NAZARÉ PAULISTA",16,"RRAS 16","Bragança","Campinas"
"353680","PEDRA BELA",16,"RRAS 16","Bragança","Campinas"
"353820","PINHALZINHO",16,"RRAS 16","Bragança","Campinas"
"353860","PIRACAIA",16,"RRAS 16","Bragança","Campinas"
"355210","SOCORRO",16,"RRAS 16","Bragança","Campinas"
"355495","TUIUTI",16,"RRAS 16","Bragança","Campinas"
"355635","VARGEM",16,"RRAS 16","Bragança","Campinas"
"350840","CABREÚVA",16,"RRAS 16","Jundiaí","Campinas"
"350960","CAMPO LIMPO PAULISTA",16,"RRAS 16","Jundiaí","Campinas"
"352400","ITUPEVA",16,"RRAS 16","Jundiaí","Campinas"
"352520","JARINU",16,"RRAS 16","Jundiaí","Campinas"
"352590","JUNDIAÍ",16,"RRAS 16","Jundiaí","Campinas"
"352730","LOUVEIRA",16,"RRAS 16","Jundiaí","Campinas"
"355650","VÁRZEA PAULISTA",16,"RRAS 16","Jundiaí","Campinas"
"350850","CAÇAPAVA",17,"RRAS 17","Alto Vale do Paraíba","Taubaté"
"352020","IGARATÁ",17,"RRAS 17","Alto Vale do Paraíba","Taubaté"
"352440","JACAREÍ",17,"RRAS 17","Alto Vale do Paraíba","Taubaté"
"352490","JAMBEIRO",17,"RRAS 17","Alto Vale do Paraíba","Taubaté"
"353170","MONTEIRO LOBATO",17,"RRAS 17","Alto Vale do Paraíba","Taubaté"
"353560","PARAIBUNA",17,"RRAS 17","Alto Vale do Paraíba","Taubaté"
"354600","SANTA BRANCA",17,"RRAS 17","Alto Vale do Paraíba","Taubaté"
"354990","SÃO JOSÉ DOS CAMPOS",17,"RRAS 17","Alto Vale do Paraíba","Taubaté"
"350250","APARECIDA",17,"RRAS 17","Circ. da Fé - V. Histórico","Taubaté"
"350315","ARAPEÍ",17,"RRAS 17","Circ. da Fé - V. Histórico","Taubaté"
"350350","AREIAS",17,"RRAS 17","Circ. da Fé - V. Histórico","Taubaté"
"350490","BANANAL",17,"RRAS 17","Circ. da Fé - V. Histórico","Taubaté"
"350860","CACHOEIRA PAULISTA",17,"RRAS 17","Circ. da Fé - V. Histórico","Taubaté"
"350995","CANAS",17,"RRAS 17","Circ. da Fé - V. Histórico","Taubaté"
"351340","CRUZEIRO",17,"RRAS 17","Circ. da Fé - V. Histórico","Taubaté"
"351360","CUNHA",17,"RRAS 17","Circ. da Fé - V. Histórico","Taubaté"
"351840","GUARATINGUETÁ",17,"RRAS 17","Circ. da Fé - V. Histórico","Taubaté"
"352660","LAVRINHAS",17,"RRAS 17","Circ. da Fé - V. Histórico","Taubaté"
"352720","LORENA",17,"RRAS 17","Circ. da Fé - V. Histórico","Taubaté"
"353850","PIQUETE",17,"RRAS 17","Circ. da Fé - V. Histórico","Taubaté"
"354075","POTIM",17,"RRAS 17","Circ. da Fé - V. Histórico","Taubaté"
"354190","QUELUZ",17,"RRAS 17","Circ. da Fé - V. Histórico","Taubaté"
"354430","ROSEIRA",17,"RRAS 17","Circ. da Fé - V. Histórico","Taubaté"
"354960","SÃO JOSÉ DO BARREIRO",17,"RRAS 17","Circ. da Fé - V. Histórico","Taubaté"
"355200","SILVEIRAS",17,"RRAS 17","Circ. da Fé - V. Histórico","Taubaté"
"351050","CARAGUATATUBA",17,"RRAS 17","Litoral Norte","Taubaté"
"352040","ILHABELA",17,"RRAS 17","Litoral Norte","Taubaté"
"355070","SÃO SEBASTIÃO",17,"RRAS 17","Litoral Norte","Taubaté"
"355540","UBATUBA",17,"RRAS 17","Litoral Norte","Taubaté"
"350970","CAMPOS DO JORDÃO",17,"RRAS 17","V. Paraíba -  R. Serrana","Taubaté"
"352630","LAGOINHA",17,"RRAS 17","V. Paraíba -  R. Serrana","Taubaté"
"353230","NATIVIDADE DA SERRA",17,"RRAS 17","V. Paraíba -  R. Serrana","Taubaté"
"353800","PINDAMONHANGABA",17,"RRAS 17","V. Paraíba -  R. Serrana","Taubaté"
"354230","REDENÇÃO DA SERRA",17,"RRAS 17","V. Paraíba -  R. Serrana","Taubaté"
"354820","SANTO ANTÔNIO DO PINHAL",17,"RRAS 17","V. Paraíba -  R. Serrana","Taubaté"
"354860","SÃO BENTO DO SAPUCAÍ",17,"RRAS 17","V. Paraíba -  R. Serrana","Taubaté"
"355000","SÃO LUÍS DO PARAITINGA",17,"RRAS 17","V. Paraíba -  R. Serrana","Taubaté"
"355410","TAUBATÉ",17,"RRAS 17","V. Paraíba -  R. Serrana","Taubaté"
"355480","TREMEMBÉ",17,"RRAS 17","V. Paraíba -  R. Serrana","Taubaté"
"350170","AMÉRICO BRASILIENSE",18,"RRAS 18","Central do DRS III","Araraquara"
"350320","ARARAQUARA",18,"RRAS 18","Central do DRS III","Araraquara"
"350670","BOA ESPERANÇA DO SUL",18,"RRAS 18","Central do DRS III","Araraquara"
"351685","GAVIÃO PEIXOTO",18,"RRAS 18","Central do DRS III","Araraquara"
"353205","MOTUCA",18,"RRAS 18","Central do DRS III","Araraquara"
"354370","RINCÃO",18,"RRAS 18","Central do DRS III","Araraquara"
"354690","SANTA LÚCIA",18,"RRAS 18","Central do DRS III","Araraquara"
"355475","TRABIJU",18,"RRAS 18","Central do DRS III","Araraquara"
"351370","DESCALVADO",18,"RRAS 18","Coração do DRS III","Araraquara"
"351430","DOURADO",18,"RRAS 18","Coração do DRS III","Araraquara"
"351930","IBATÉ",18,"RRAS 18","Coração do DRS III","Araraquara"
"354070","PORTO FERREIRA",18,"RRAS 18","Coração do DRS III","Araraquara"
"354290","RIBEIRÃO BONITO",18,"RRAS 18","Coração do DRS III","Araraquara"
"354890","SÃO CARLOS",18,"RRAS 18","Coração do DRS III","Araraquara"
"350740","BORBOREMA",18,"RRAS 18","Noroeste do DRS III","Araraquara"
"351010","CÂNDIDO RODRIGUES",18,"RRAS 18","Noroeste do DRS III","Araraquara"
"351400","DOBRADA",18,"RRAS 18","Noroeste do DRS III","Araraquara"
"351960","IBITINGA",18,"RRAS 18","Noroeste do DRS III","Araraquara"
"352270","ITÁPOLIS",18,"RRAS 18","Noroeste do DRS III","Araraquara"
"352930","MATÃO",18,"RRAS 18","Noroeste do DRS III","Araraquara"
"353290","NOVA EUROPA",18,"RRAS 18","Noroeste do DRS III","Araraquara"
"354650","SANTA ERNESTINA",18,"RRAS 18","Noroeste do DRS III","Araraquara"
"355270","TABATINGA",18,"RRAS 18","Noroeste do DRS III","Araraquara"
"355370","TAQUARITINGA",18,"RRAS 18","Noroeste do DRS III","Araraquara"
"350390","ARUJÁ",2,"RRAS 2","Alto Tietê","Grande São Paulo"
"350660","BIRITIBA MIRIM",2,"RRAS 2","Alto Tietê","Grande São Paulo"
"351570","FERRAZ DE VASCONCELOS",2,"RRAS 2","Alto Tietê","Grande São Paulo"
"351830","GUARAREMA",2,"RRAS 2","Alto Tietê","Grande São Paulo"
"351880","GUARULHOS",2,"RRAS 2","Alto Tietê","Grande São Paulo"
"352310","ITAQUAQUECETUBA",2,"RRAS 2","Alto Tietê","Grande São Paulo"
"353060","MOGI DAS CRUZES",2,"RRAS 2","Alto Tietê","Grande São Paulo"
"353980","POÁ",2,"RRAS 2","Alto Tietê","Grande São Paulo"
"354500","SALESÓPOLIS",2,"RRAS 2","Alto Tietê","Grande São Paulo"
"354680","SANTA ISABEL",2,"RRAS 2","Alto Tietê","Grande São Paulo"
"355250","SUZANO",2,"RRAS 2","Alto Tietê","Grande São Paulo"
"350900","CAIEIRAS",3,"RRAS 3","Franco da Rocha","Grande São Paulo"
"350920","CAJAMAR",3,"RRAS 3","Franco da Rocha","Grande São Paulo"
"351630","FRANCISCO MORATO",3,"RRAS 3","Franco da Rocha","Grande São Paulo"
"351640","FRANCO DA ROCHA",3,"RRAS 3","Franco da Rocha","Grande São Paulo"
"352850","MAIRIPORÃ",3,"RRAS 3","Franco da Rocha","Grande São Paulo"
"351300","COTIA",4,"RRAS 4","Mananciais","Grande São Paulo"
"351500","EMBU DAS ARTES",4,"RRAS 4","Mananciais","Grande São Paulo"
"351510","EMBU GUAÇU",4,"RRAS 4","Mananciais","Grande São Paulo"
"352220","ITAPECERICA DA SERRA",4,"RRAS 4","Mananciais","Grande São Paulo"
"352620","JUQUITIBA",4,"RRAS 4","Mananciais","Grande São Paulo"
"354995","SÃO LOURENÇO DA SERRA",4,"RRAS 4","Mananciais","Grande São Paulo"
"355280","TABOÃO DA SERRA",4,"RRAS 4","Mananciais","Grande São Paulo"
"355645","VARGEM GRANDE PAULISTA",4,"RRAS 4","Mananciais","Grande São Paulo"
"350570","BARUERI",5,"RRAS 5","Rota dos Bandeirantes","Grande São Paulo"
"351060","CARAPICUÍBA",5,"RRAS 5","Rota dos Bandeirantes","Grande São Paulo"
"352250","ITAPEVI",5,"RRAS 5","Rota dos Bandeirantes","Grande São Paulo"
"352500","JANDIRA",5,"RRAS 5","Rota dos Bandeirantes","Grande São Paulo"
"353440","OSASCO",5,"RRAS 5","Rota dos Bandeirantes","Grande São Paulo"
"353910","PIRAPORA DO BOM JESUS",5,"RRAS 5","Rota dos Bandeirantes","Grande São Paulo"
"354730","SANTANA DE PARNAÍBA",5,"RRAS 5","Rota dos Bandeirantes","Grande São Paulo"
"355030","SÃO PAULO",6,"RRAS 6","São Paulo","Grande São Paulo"
"350635","BERTIOGA",7,"RRAS 7","Baixada Santista","Baixada Santista"
"351350","CUBATÃO",7,"RRAS 7","Baixada Santista","Baixada Santista"
"351870","GUARUJÁ",7,"RRAS 7","Baixada Santista","Baixada Santista"
"352210","ITANHAÉM",7,"RRAS 7","Baixada Santista","Baixada Santista"
"353110","MONGAGUÁ",7,"RRAS 7","Baixada Santista","Baixada Santista"
"353760","PERUÍBE",7,"RRAS 7","Baixada Santista","Baixada Santista"
"354100","PRAIA GRANDE",7,"RRAS 7","Baixada Santista","Baixada Santista"
"354850","SANTOS",7,"RRAS 7","Baixada Santista","Baixada Santista"
"355100","SÃO VICENTE",7,"RRAS 7","Baixada Santista","Baixada Santista"
"350540","BARRA DO TURVO",7,"RRAS 7","Vale do Ribeira","Registro"
"350925","CAJATI",7,"RRAS 7","Vale do Ribeira","Registro"
"350990","CANANÉIA",7,"RRAS 7","Vale do Ribeira","Registro"
"351480","ELDORADO",7,"RRAS 7","Vale do Ribeira","Registro"
"352030","IGUAPE",7,"RRAS 7","Vale do Ribeira","Registro"
"352042","ILHA COMPRIDA",7,"RRAS 7","Vale do Ribeira","Registro"
"352120","IPORANGA",7,"RRAS 7","Vale do Ribeira","Registro"
"352330","ITARIRI",7,"RRAS 7","Vale do Ribeira","Registro"
"352460","JACUPIRANGA",7,"RRAS 7","Vale do Ribeira","Registro"
"352610","JUQUIÁ",7,"RRAS 7","Vale do Ribeira","Registro"
"352990","MIRACATU",7,"RRAS 7","Vale do Ribeira","Registro"
"353620","PARIQUERA-AÇU",7,"RRAS 7","Vale do Ribeira","Registro"
"353720","PEDRO DE TOLEDO",7,"RRAS 7","Vale do Ribeira","Registro"
"354260","REGISTRO",7,"RRAS 7","Vale do Ribeira","Registro"
"355180","SETE BARRAS",7,"RRAS 7","Vale do Ribeira","Registro"
"350075","ALAMBARI",8,"RRAS 8","Itapetininga","Sorocaba"
"350220","ANGATUBA",8,"RRAS 8","Itapetininga","Sorocaba"
"350945","CAMPINA DO MONTE ALEGRE",8,"RRAS 8","Itapetininga","Sorocaba"
"351020","CAPÃO BONITO",8,"RRAS 8","Itapetininga","Sorocaba"
"351150","CERQUILHO",8,"RRAS 8","Itapetininga","Sorocaba"
"351160","CESÁRIO LANGE",8,"RRAS 8","Itapetininga","Sorocaba"
"351850","GUAREÍ",8,"RRAS 8","Itapetininga","Sorocaba"
"352230","ITAPETININGA",8,"RRAS 8","Itapetininga","Sorocaba"
"354165","QUADRA",8,"RRAS 8","Itapetininga","Sorocaba"
"354325","RIBEIRÃO GRANDE",8,"RRAS 8","Itapetininga","Sorocaba"
"355020","SÃO MIGUEL ARCANJO",8,"RRAS 8","Itapetininga","Sorocaba"
"355110","SARAPUÍ",8,"RRAS 8","Itapetininga","Sorocaba"
"355400","TATUÍ",8,"RRAS 8","Itapetininga","Sorocaba"
"350270","APIAÍ",8,"RRAS 8","Itapeva","Sorocaba"
"350535","BARRA DO CHAPÉU",8,"RRAS 8","Itapeva","Sorocaba"
"350715","BOM SUCESSO DE ITARARÉ",8,"RRAS 8","Itapeva","Sorocaba"
"350800","BURI",8,"RRAS 8","Itapeva","Sorocaba"
"351760","GUAPIARA",8,"RRAS 8","Itapeva","Sorocaba"
"352170","ITABERÁ",8,"RRAS 8","Itapeva","Sorocaba"
"352215","ITAÓCA",8,"RRAS 8","Itapeva","Sorocaba"
"352240","ITAPEVA",8,"RRAS 8","Itapeva","Sorocaba"
"352265","ITAPIRAPUÃ PAULISTA",8,"RRAS 8","Itapeva","Sorocaba"
"352320","ITARARÉ",8,"RRAS 8","Itapeva","Sorocaba"
"353282","NOVA CAMPINA",8,"RRAS 8","Itapeva","Sorocaba"
"354280","RIBEIRA",8,"RRAS 8","Itapeva","Sorocaba"
"354300","RIBEIRÃO BRANCO",8,"RRAS 8","Itapeva","Sorocaba"
"354350","RIVERSUL",8,"RRAS 8","Itapeva","Sorocaba"
"355385","TAQUARIVAÍ",8,"RRAS 8","Itapeva","Sorocaba"
"350115","ALUMÍNIO",8,"RRAS 8","Sorocaba","Sorocaba"
"350275","ARAÇARIGUAMA",8,"RRAS 8","Sorocaba","Sorocaba"
"350290","ARAÇOIABA DA SERRA",8,"RRAS 8","Sorocaba","Sorocaba"
"350700","BOITUVA",8,"RRAS 8","Sorocaba","Sorocaba"
"351030","CAPELA DO ALTO",8,"RRAS 8","Sorocaba","Sorocaba"
"351970","IBIÚNA",8,"RRAS 8","Sorocaba","Sorocaba"
"352100","IPERÓ",8,"RRAS 8","Sorocaba","Sorocaba"
"352390","ITU",8,"RRAS 8","Sorocaba","Sorocaba"
"352585","JUMIRIM",8,"RRAS 8","Sorocaba","Sorocaba"
"352840","MAIRINQUE",8,"RRAS 8","Sorocaba","Sorocaba"
"353780","PIEDADE",8,"RRAS 8","Sorocaba","Sorocaba"
"353790","PILAR DO SUL",8,"RRAS 8","Sorocaba","Sorocaba"
"354060","PORTO FELIZ",8,"RRAS 8","Sorocaba","Sorocaba"
"354520","SALTO",8,"RRAS 8","Sorocaba","Sorocaba"
"354530","SALTO DE PIRAPORA",8,"RRAS 8","Sorocaba","Sorocaba"
"355060","SÃO ROQUE",8,"RRAS 8","Sorocaba","Sorocaba"
"355220","SOROCABA",8,"RRAS 8","Sorocaba","Sorocaba"
"355350","TAPIRAÍ",8,"RRAS 8","Sorocaba","Sorocaba"
"355450","TIETÊ",8,"RRAS 8","Sorocaba","Sorocaba"
"355700","VOTORANTIM",8,"RRAS 8","Sorocaba","Sorocaba"
"350070","AGUDOS",9,"RRAS 9","Bauru","Bauru"
"350340","AREALVA",9,"RRAS 9","Bauru","Bauru"
"350430","AVAÍ",9,"RRAS 9","Bauru","Bauru"
"350470","BALBINOS",9,"RRAS 9","Bauru","Bauru"
"350600","BAURU",9,"RRAS 9","Bauru","Bauru"
"350745","BOREBI",9,"RRAS 9","Bauru","Bauru"
"350830","CABRÁLIA PAULISTA",9,"RRAS 9","Bauru","Bauru"
"351450","DUARTINA",9,"RRAS 9","Bauru","Bauru"
"351910","IACANGA",9,"RRAS 9","Bauru","Bauru"
"352680","LENÇÓIS PAULISTA",9,"RRAS 9","Bauru","Bauru"
"352750","LUCIANÓPOLIS",9,"RRAS 9","Bauru","Bauru"
"352800","MACATUBA",9,"RRAS 9","Bauru","Bauru"
"353657","PAULISTÂNIA",9,"RRAS 9","Bauru","Bauru"
"353670","PEDERNEIRAS",9,"RRAS 9","Bauru","Bauru"
"353890","PIRAJUÍ",9,"RRAS 9","Bauru","Bauru"
"353940","PIRATININGA",9,"RRAS 9","Bauru","Bauru"
"354110","PRESIDENTE ALVES",9,"RRAS 9","Bauru","Bauru"
"354250","REGINÓPOLIS",9,"RRAS 9","Bauru","Bauru"
"350520","BARIRI",9,"RRAS 9","Jaú","Bauru"
"350530","BARRA BONITA",9,"RRAS 9","Jaú","Bauru"
"350680","BOCAINA",9,"RRAS 9","Jaú","Bauru"
"350730","BORACÉIA",9,"RRAS 9","Jaú","Bauru"
"350790","BROTAS",9,"RRAS 9","Jaú","Bauru"
"351410","DOIS CÓRREGOS",9,"RRAS 9","Jaú","Bauru"
"352000","IGARAÇU DO TIETÊ",9,"RRAS 9","Jaú","Bauru"
"352200","ITAJU",9,"RRAS 9","Jaú","Bauru"
"352290","ITAPUÍ",9,"RRAS 9","Jaú","Bauru"
"352530","JAÚ",9,"RRAS 9","Jaú","Bauru"
"352980","MINEIROS DO TIETÊ",9,"RRAS 9","Jaú","Bauru"
"355470","TORRINHA",9,"RRAS 9","Jaú","Bauru"
"350880","CAFELÂNDIA",9,"RRAS 9","Lins","Bauru"
"351700","GETULINA",9,"RRAS 9","Lins","Bauru"
"351720","GUAIÇARA",9,"RRAS 9","Lins","Bauru"
"352710","LINS",9,"RRAS 9","Lins","Bauru"
"354010","PONGAÍ",9,"RRAS 9","Lins","Bauru"
"354160","PROMISSÃO",9,"RRAS 9","Lins","Bauru"
"354460","SABINO",9,"RRAS 9","Lins","Bauru"
"355590","URU",9,"RRAS 9","Lins","Bauru"
"350230","ANHEMBI",9,"RRAS 9","Polo Cuesta","Bauru"
"350360","AREIÓPOLIS",9,"RRAS 9","Polo Cuesta","Bauru"
"350690","BOFETE",9,"RRAS 9","Polo Cuesta","Bauru"
"350750","BOTUCATU",9,"RRAS 9","Polo Cuesta","Bauru"
"351230","CONCHAS",9,"RRAS 9","Polo Cuesta","Bauru"
"352350","ITATINGA",9,"RRAS 9","Polo Cuesta","Bauru"
"352640","LARANJAL PAULISTA",9,"RRAS 9","Polo Cuesta","Bauru"
"353610","PARDINHO",9,"RRAS 9","Polo Cuesta","Bauru"
"353750","PEREIRAS",9,"RRAS 9","Polo Cuesta","Bauru"
"354050","PORANGABA",9,"RRAS 9","Polo Cuesta","Bauru"
"354105","PRATÂNIA",9,"RRAS 9","Polo Cuesta","Bauru"
"355010","SÃO MANUEL",9,"RRAS 9","Polo Cuesta","Bauru"
"355465","TORRE DE PEDRA",9,"RRAS 9","Polo Cuesta","Bauru"
"350055","ÁGUAS DE SANTA BÁRBARA",9,"RRAS 9","Vale do Jurumirim","Bauru"
"350310","ARANDU",9,"RRAS 9","Vale do Jurumirim","Bauru"
"350450","AVARÉ",9,"RRAS 9","Vale do Jurumirim","Bauru"
"350500","BARÃO DE ANTONINA",9,"RRAS 9","Vale do Jurumirim","Bauru"
"351140","CERQUEIRA CÉSAR",9,"RRAS 9","Vale do Jurumirim","Bauru"
"351260","CORONEL MACEDO",9,"RRAS 9","Vale do Jurumirim","Bauru"
"351540","FARTURA",9,"RRAS 9","Vale do Jurumirim","Bauru"
"351925","IARAS",9,"RRAS 9","Vale do Jurumirim","Bauru"
"352180","ITAÍ",9,"RRAS 9","Vale do Jurumirim","Bauru"
"352280","ITAPORANGA",9,"RRAS 9","Vale do Jurumirim","Bauru"
"352860","MANDURI",9,"RRAS 9","Vale do Jurumirim","Bauru"
"353580","PARANAPANEMA",9,"RRAS 9","Vale do Jurumirim","Bauru"
"353880","PIRAJU",9,"RRAS 9","Vale do Jurumirim","Bauru"
"355120","SARUTAIÁ",9,"RRAS 9","Vale do Jurumirim","Bauru"
"355300","TAGUAÍ",9,"RRAS 9","Vale do Jurumirim","Bauru"
"355380","TAQUARITUBA",9,"RRAS 9","Vale do Jurumirim","Bauru"
"355420","TEJUPÁ",9,"RRAS 9","Vale do Jurumirim","Bauru"
